{
	"info": {
		"_postman_id": "cf081967-3b08-4562-8402-73d9333a207a",
		"name": "Order management",
		"schema": "https://schema.getpostman.com/json/collection/v2.1.0/collection.json"
	},
	"item": [
		{
			"name": "Generate reference",
			"event": [
				{
					"listen": "test",
					"script": {
						"id": "7b811a57-7e26-4114-991b-c0a0cac9b24f",
						"exec": [
							"const response = pm.response.json();",
							"",
							"",
							"pm.test(\"Should contain reference id\", function () {",
							"    pm.expect(response.uuid).to.exist;",
							"});",
							"",
							"pm.globals.set(\"referenceId\", response.uuid);"
						],
						"type": "text/javascript"
					}
				}
			],
			"request": {
				"method": "GET",
				"header": [],
				"body": {
					"mode": "raw",
					"raw": ""
				},
				"url": {
					"raw": "httpbin.org/uuid",
					"host": [
						"httpbin",
						"org"
					],
					"path": [
						"uuid"
					]
				}
			},
			"response": []
		},
		{
			"name": "Create order",
			"event": [
				{
					"listen": "test",
					"script": {
						"id": "53620a6d-32f6-4bfd-9263-69c06ed57e37",
						"exec": [
							"const response = pm.response.json();",
							"",
							"if (pm.variables.get(\"isValid\") == \"true\") {",
							"    pm.test(\"Should contain the reference id\", function () {",
							"        pm.expect(response.json.referenceId).to.eql(pm.globals.get(\"referenceId\"));",
							"    });",
							"    ",
							"    pm.test(\"Should contain the customer id\", function () {",
							"        pm.expect(response.json.customerId).to.eql(parseInt(pm.variables.get(\"customerId\")));",
							"    });",
							"    ",
							"    pm.test(\"Should contain the product id\", function () {",
							"        pm.expect(response.json.productId).to.eql(parseInt(pm.variables.get(\"productId\")));",
							"    });    ",
							"} else {",
							"    pm.test(\"Should not be valid\", function () {",
							"       pm.expect(response.json).to.be.null;",
							"    });",
							"}",
							"",
							""
						],
						"type": "text/javascript"
					}
				},
				{
					"listen": "prerequest",
					"script": {
						"id": "47539146-e0c0-4ca7-a061-3509d2a1468d",
						"exec": [
							"pm.variables.set('metaInfoBody', JSON.stringify(pm.variables.get('metaInfo')));"
						],
						"type": "text/javascript"
					}
				}
			],
			"request": {
				"method": "POST",
				"header": [
					{
						"key": "Content-Type",
						"name": "Content-Type",
						"value": "application/json",
						"type": "text"
					}
				],
				"body": {
					"mode": "raw",
					"raw": "{\n\t\"referenceId\": \"{{referenceId}}\",\n\t\"customerId\": {{customerId}},\n\t\"productId\": {{productId}},\n\t\"metaInfo\": {{metaInfoBody}}\n}"
				},
				"url": {
					"raw": "httpbin.org/post",
					"host": [
						"httpbin",
						"org"
					],
					"path": [
						"post"
					]
				}
			},
			"response": []
		},
		{
			"name": "Check status",
			"event": [
				{
					"listen": "test",
					"script": {
						"id": "53620a6d-32f6-4bfd-9263-69c06ed57e37",
						"exec": [
							"pm.test(\"Status code is \" + pm.iterationData.get('expectedStatus'), function () {",
							"    pm.response.to.have.status(pm.iterationData.get('expectedStatus'));",
							"});"
						],
						"type": "text/javascript"
					}
				}
			],
			"request": {
				"method": "GET",
				"header": [
					{
						"key": "Content-Type",
						"name": "Content-Type",
						"value": "application/x-www-form-urlencoded",
						"type": "text"
					}
				],
				"body": {
					"mode": "raw",
					"raw": ""
				},
				"url": {
					"raw": "httpbin.org/status/{{status}}",
					"host": [
						"httpbin",
						"org"
					],
					"path": [
						"status",
						"{{status}}"
					]
				}
			},
			"response": []
		}
	],
	"event": [
		{
			"listen": "prerequest",
			"script": {
				"id": "cf7d7a0c-c23f-48b4-8fb3-da2d3bcba9f7",
				"type": "text/javascript",
				"exec": [
					""
				]
			}
		},
		{
			"listen": "test",
			"script": {
				"id": "dffce871-5b46-4bbd-8894-0218e07ccfcf",
				"type": "text/javascript",
				"exec": [
					""
				]
			}
		}
	],
	"variable": [
		{
			"id": "d974b902-eff9-4d82-8ead-b9b2d21abe12",
			"key": "customerId",
			"value": "100",
			"type": "string"
		},
		{
			"id": "f66a5726-cfa0-461b-b96e-33b16ab7718b",
			"key": "productId",
			"value": "200",
			"type": "string"
		},
		{
			"id": "fda23259-7db3-4185-916d-3368d4306194",
			"key": "isValid",
			"value": "true",
			"type": "string"
		},
		{
			"id": "5f641c15-a27c-4a54-9ee3-e007e62422c0",
			"key": "metaInfo",
			"value": "{}",
			"type": "string"
		}
	]
}