{
	"info": {
		"_postman_id": "249105d1-e044-46b7-af3c-a2cd8a89fa7d",
		"name": "Order management",
		"schema": "https://schema.getpostman.com/json/collection/v2.1.0/collection.json"
	},
	"item": [
		{
			"name": "Generate reference",
			"event": [
				{
					"listen": "test",
					"script": {
						"exec": [
							"const response = pm.response.json();",
							"",
							"",
							"pm.test(\"Should contain reference id\", function () {",
							"    pm.expect(response.uuid).to.exist;",
							"});",
							"",
							"pm.globals.set(\"referenceId\", response.uuid);"
						],
						"type": "text/javascript"
					}
				}
			],
			"request": {
				"method": "GET",
				"header": [],
				"url": {
					"raw": "httpbin.org/uuid",
					"host": [
						"httpbin",
						"org"
					],
					"path": [
						"uuid"
					]
				}
			},
			"response": []
		},
		{
			"name": "Create order",
			"event": [
				{
					"listen": "test",
					"script": {
						"exec": [
							"const response = pm.response.json();",
							"",
							"pm.test(\"Should contain the reference id\", function () {",
							"    pm.expect(response.json.referenceId).to.eql(pm.globals.get(\"referenceId\"));",
							"});",
							"",
							"pm.test(\"Should contain the customer id\", function () {",
							"    pm.expect(response.json.customerId).to.eql(200);",
							"});",
							"",
							"pm.test(\"Should contain the product id\", function () {",
							"    pm.expect(response.json.productId).to.eql(300);",
							"});",
							"",
							""
						],
						"type": "text/javascript"
					}
				}
			],
			"request": {
				"method": "POST",
				"header": [
					{
						"key": "Content-Type",
						"name": "Content-Type",
						"value": "application/json",
						"type": "text"
					}
				],
				"body": {
					"mode": "raw",
					"raw": "{\n\t\"referenceId\": \"{{referenceId}}\",\n\t\"customerId\": {{customerId}},\n\t\"productId\": {{productId}}\n}"
				},
				"url": {
					"raw": "httpbin.org/post",
					"host": [
						"httpbin",
						"org"
					],
					"path": [
						"post"
					]
				}
			},
			"response": []
		},
		{
			"name": "Check status",
			"event": [
				{
					"listen": "test",
					"script": {
						"exec": [
							"pm.test(\"Status code is 200\", function () {",
							"    pm.response.to.have.status(200);",
							"});"
						],
						"type": "text/javascript"
					}
				}
			],
			"request": {
				"method": "GET",
				"header": [
					{
						"key": "Content-Type",
						"name": "Content-Type",
						"value": "application/x-www-form-urlencoded",
						"type": "text"
					}
				],
				"url": {
					"raw": "httpbin.org/status/200",
					"host": [
						"httpbin",
						"org"
					],
					"path": [
						"status",
						"200"
					]
				}
			},
			"response": []
		}
	]
}